frame.time_relative,frame.len
0.0009934283060224654,1472
0.020069351356965873,1446
0.04198713699481787,1428
0.06408369959074077,1491
0.08091521308778629,1343
0.10126112588264284,1504
0.12523370538686424,1455
0.14395602917346348,1385
0.16182809090259603,1468
0.18419803972094612,1333
0.20253196420745748,1350
0.22287322004525012,1363
0.24463448405483096,1368
0.2606698789816915,1336
0.2813924837652893,1473
0.30406362433114165,1384
0.323508417108263,1421
0.34650845397343066,1365
0.36440979111650595,1290
0.38374711182418597,1416
0.4098488967240079,1285
0.4268119265445,1395
0.4477444155141571,1317
0.4651057426916626,1519
0.48721235357434745,1454
0.5088688441621257,1406
0.5266908917871697,1475
0.5500901549380139,1349
0.568483361480793,1432
0.5894471313203524,1411
0.6091729855547884,1415
0.6344268351075734,1476
0.6510411642483879,1443
0.6692986167992602,1417
0.6934050084406866,1300
0.7096641112758464,1342
0.7328694057251063,1392
0.7488782182466454,1405
0.7704870663559162,1332
0.7938830408847597,1544
0.8153121315323205,1490
0.8345238148940178,1436
0.8542956617261697,1404
0.8742706308590759,1387
0.8922616742288277,1342
0.9141249097520814,1404
0.9349892005862595,1415
0.9583706025399251,1325
0.9772894746259325,1420
0.9934220376953784,1390
1.0179421659042016,1285
1.0368697133638876,1348
1.0566319138834166,1375
1.0795549904210184,1513
1.100739516847637,1433
1.1208859580001858,1319
1.137690842674816,1429
1.1590967329288673,1307
1.180723564502685,1464
1.202358007853431,1371
1.2197944490828039,1394
1.2407273595644752,1479
1.2592318875290989,1322
1.2793980241882579,1316
1.3037613690405159,1364
1.3251946774121772,1462
1.3426840570711833,1308
1.3651810230694361,1230
1.3842431092830558,1372
1.4025754776830583,1433
1.4249343883625938,1472
1.4476335502438171,1372
1.4648317049919737,1375
1.4883785243411296,1469
1.5003556267806302,1287
1.5275848019568685,1376
1.5464609710439026,1411
1.566034742165803,1426
1.5871621583791138,1369
1.6033493789561493,1402
1.6272310529689842,1250
1.6487305018469909,1360
1.6713179447527589,1427
1.6876714961860366,1341
1.707436929376106,1403
1.7283962824540313,1426
1.7515764807359129,1379
1.7707490586791363,1410
1.789377916011591,1342
1.81180985124466,1387
1.8313233514364378,1436
1.8534123662781157,1409
1.8704168500686034,1364
1.891511511922471,1413
1.9117284998687103,1442
1.9299315662380188,1277
1.9537967166477204,1469
1.974072466597259,1379
1.9939064629254926,1425
2.0137729417047656,1471
2.0317572544467235,1317
2.054092585244602,1357
2.074594326816387,1382
2.0940210812703057,1352
2.1156489443447253,1504
2.1371254974409943,1348
2.1604356474890944,1366
2.1773583112716457,1412
2.1978701363867357,1327
2.2175520237330657,1376
2.2342092530933084,1419
2.2583396477323165,1380
2.278859015862405,1394
2.3040109196268017,1368
2.3190455934315772,1309
2.340379290005115,1419
2.3600526517403453,1505
2.3781305991638253,1401
2.4030994808274024,1413
2.4226635812230546,1441
2.443087659011075,1323
2.4600327001667077,1502
2.4850029436574776,1412
2.499739532869329,1497
2.5240628291418226,1356
2.54761590616515,1509
2.561599802222577,1446
2.582794159372941,1433
2.6044719375216303,1414
2.6236115634425308,1385
2.641863067847939,1472
2.6654474006189917,1408
2.6835315472012358,1281
2.7069492194492666,1332
2.7245090660788365,1388
2.7497936633166478,1418
2.7654731678812485,1396
2.7867414313928176,1473
2.8093584688192768,1282
2.8256155857109775,1408
2.8488781141723623,1290
2.8713833597710265,1445
2.885899987752648,1394
2.909830101898143,1425
2.9303264797288837,1348
2.9517162398432495,1476
2.968024572637247,1462
2.988203440792143,1435
3.012234117108853,1392
3.0321300832833944,1434
3.052382979596928,1357
3.0729207702745387,1451
3.0912137043716954,1498
3.113384141168483,1464
3.1338516586800664,1356
3.1521826908567245,1421
3.177688822674375,1322
3.1952508194532174,1434
3.212266426576297,1427
3.236308020747278,1287
3.253391430148864,1330
3.277260842656112,1383
3.2983497445659498,1381
3.31473706873054,1327
3.33865106558504,1423
3.357895755139733,1415
3.3790601935651567,1388
3.401555539169784,1354
3.4176170569317788,1462
3.4369462407943776,1499
3.45702056422315,1370
3.4775138524717786,1363
3.4993371495821894,1429
3.520519536909959,1378
3.540736494518294,1391
3.5621833593770145,1444
3.580900876622006,1285
3.6041278209518732,1479
3.621037319090391,1404
3.6473528510493547,1375
3.663509727371013,1394
3.680889957521959,1397
3.7008083675979777,1296
3.724260977383895,1489
3.7431949869420644,1402
3.7654157934602086,1426
3.78528014768048,1457
3.8045338945653273,1338
3.8233318449138123,1428
3.842341617859886,1383
3.864824162364432,1450
3.887775869816521,1272
3.9068371396754427,1394
3.924263354589067,1363
3.947447073957501,1425
3.9682172268245646,1428
3.986024757152013,1357
4.008445802195615,1357
4.028600649379924,1393
4.046544171306679,1346
4.069891566582345,1450
4.090643440873693,1377
4.112033854266616,1225
4.1323212358436425,1377
4.147804172962966,1337
4.16902974157836,1302
4.192281342151915,1325
4.21262472347863,1406
4.2329731269087265,1479
4.259994374476732,1418
4.273776572476117,1363
4.2952518026944,1427
4.315234554900333,1372
4.334975213835268,1358
4.353387772802683,1330
4.3758821296922585,1294
4.393164420781505,1376
4.414582313956409,1409
4.434431104033538,1394
4.455911459367278,1375
4.48072290818116,1343
4.4927049406219375,1436
4.518157871347179,1320
4.5339057991833585,1446
4.5565332471534665,1339
4.5800008920382895,1354
4.598297430841853,1311
4.616359261207113,1369
4.637430023303759,1458
4.660565706179456,1430
4.678091657377461,1458
4.700331187779367,1431
4.7203352942393195,1333
4.739286829823609,1380
4.765223798656779,1353
4.782549628482072,1479
4.79757738522343,1328
4.822346458985592,1453
4.840995857385825,1453
4.864370176944262,1509
4.881426148757113,1375
4.903127597310353,1442
4.924712924710556,1536
4.945780340500242,1362
4.9619941172571,1307
4.984071587558837,1287
5.004136579367505,1442
5.024125691483988,1287
5.049309138389006,1377
5.066934073289674,1426
5.083948221918391,1411
5.108651593680478,1425
5.131406062139702,1413
5.149572560226088,1476
5.164814769732385,1342
5.18723092147787,1359
5.211079091881283,1353
5.22747581061098,1449
5.250124668357819,1454
5.271132177567693,1427
5.288074928476986,1471
5.310155618667327,1329
5.324138014658621,1500
5.348917654015399,1491
5.370807172954589,1444
5.389162622852754,1506
5.415268891783856,1300
5.4294896663793795,1368
5.451815740121215,1355
5.473303190208489,1443
5.496270135591358,1336
5.510861744670174,1445
5.536405676436152,1482
5.554445695013189,1441
5.572808091548362,1417
5.596041195758293,1340
5.615860988160222,1349
5.634608314974066,1474
5.656294232857671,1446
5.675729881453275,1397
5.6970734232968105,1374
5.718516529914658,1278
5.740710182157215,1335
5.755408397486579,1514
5.782495975192853,1323
5.794671612803803,1411
5.818618098172086,1460
5.840444182734434,1324
5.860175412016244,1411
5.878713909200441,1456
5.8998889436986754,1400
5.919665066289381,1572
5.939818218604118,1299
5.963042032271357,1463
5.9824027390085535,1389
6.0006487688054095,1446
6.024179667706106,1426
6.0433409469563015,1356
6.064697952111533,1413
6.0846773655170105,1288
6.102105997770629,1436
6.122989505671386,1417
6.145950334921336,1438
6.166022368201264,1463
6.185105704441777,1422
6.205728042355632,1408
6.228394597339899,1347
6.245002004729958,1357
6.267625222229278,1471
6.286472522121379,1486
6.3067874249791,1385
6.329766221048837,1402
6.349565380002147,1345
6.36988744653548,1470
6.391217264837096,1439
6.408994194865361,1516
6.4306619730839945,1347
6.4490234135875255,1377
6.470638159764998,1413
6.4900754209105935,1438
6.510875578908623,1387
6.532217780988819,1347
6.549736905530787,1452
6.575904001407933,1443
6.5900530720528705,1345
6.609982609549603,1481
6.635073088481486,1470
6.654686072081721,1408
6.674696866287207,1404
6.6950511976309395,1433
6.714115893026026,1348
6.732691757788056,1401
6.754983755606723,1270
6.77382370302662,1452
6.797474145875788,1306
6.815575671605256,1490
6.834564671933984,1380
6.8559187746035715,1387
6.877733289154737,1362
6.896125857099886,1382
6.915954745373669,1485
6.9384324405470945,1250
6.958780879225636,1476
6.977622939691984,1420
6.998040629390799,1327
7.019792685836059,1335
7.036778297237657,1500
7.057205418331207,1343
7.078929337396763,1330
7.1002852114951525,1468
7.121679800889081,1420
7.144354578151091,1343
7.163465064922905,1412
7.181775748575882,1338
7.202403473179312,1466
7.220782326825151,1463
7.2430962392417495,1431
7.262901828195202,1421
7.284470462553027,1505
7.302516443504554,1399
7.3255554783794485,1329
7.34792814313628,1426
7.364991024972669,1525
7.386357848673089,1339
7.407280593171622,1378
7.425443744203736,1424
7.447040250070438,1396
7.466963129867688,1341
7.48747917722253,1467
7.50608368541703,1539
7.5280246052925675,1411
7.549317461485848,1345
7.571569632078256,1307
7.590931766474144,1415
7.613665469696305,1466
7.628170289614815,1428
7.65179550597334,1399
7.670763428670683,1364
7.695122230484951,1334
7.709471908007113,1450
7.729754940852771,1454
7.750581479205552,1307
7.767878353007128,1495
7.791420514371695,1434
7.811299639051257,1483
7.833464571906625,1319
7.854193176244536,1318
7.877607885930721,1391
7.896102271887969,1430
7.913393496859581,1507
7.9330963547875175,1442
7.956222902432536,1385
7.9729444776347895,1338
7.999593741539847,1473
8.01863558420889,1342
8.035684232622545,1497
8.053542194827882,1382
8.080022088593703,1495
8.097431144114175,1440
8.120481736387935,1391
8.135163128405708,1368
8.157499113636698,1379
8.179054231041349,1425
8.19948358478875,1404
8.218835372617571,1364
8.241327083384533,1390
8.258292022620381,1404
8.280488384468411,1272
8.301359614661186,1427
8.322493781025187,1341
8.343234013072557,1330
8.35990737909201,1298
8.379434314893524,1292
8.405403776838101,1318
8.42385893117757,1357
8.442043210039808,1517
8.466988367023275,1368
8.484463292300122,1410
8.506936417358972,1424
8.525058739912973,1407
8.549391078759225,1395
8.569126144553657,1328
8.58546341453112,1487
8.608250364689296,1508
8.627943854645864,1299
8.649736245821067,1338
8.665415015744152,1383
8.689062845544615,1342
8.710153471557627,1430
8.72486502357039,1356
8.746361865477212,1529
8.76499579810633,1471
8.788881328752272,1412
8.81120110689206,1461
8.833116616443968,1466
8.850605971859924,1366
8.874060893349535,1351
8.888389339301272,1404
8.9080886572983,1451
8.931730206738525,1408
8.952955312993504,1305
8.972467672558746,1351
8.988744057814163,1395
9.013046581894526,1395
9.03096176293185,1518
9.055255926989828,1316
9.074995658343669,1430
9.092728582238129,1489
9.113926487935418,1536
9.133181674685623,1375
9.155520623494162,1429
9.17790214628902,1434
9.194366289514653,1411
9.217691714597668,1394
9.235968986289198,1426
9.255789635820726,1248
9.27750720072465,1440
9.295996656759026,1407
9.31730572275248,1386
9.336363145537304,1522
9.363034231547624,1359
9.379521188345043,1375
9.398397090184423,1519
9.420570380981184,1350
9.440263645019641,1366
9.460392241879266,1391
9.482408394437728,1450
9.503040956417044,1412
9.520810818661035,1322
9.541066064434276,1368
9.56201347748057,1363
9.57830561850471,1395
9.600224958669093,1425
9.626334969287687,1425
9.647237036139108,1293
9.663794908592301,1463
9.685791974556835,1415
9.705607240899118,1483
9.73148838216625,1426
9.747915650331517,1466
9.765766545284993,1427
9.784457179546063,1480
9.803501247746057,1431
9.827466947617616,1394
9.84589319881462,1536
9.8649072728453,1453
9.886804514455319,1434
9.906280444175886,1323
9.932163703412568,1322
9.950898579615629,1417
9.969465234778404,1408
9.992786948298127,1363
10.01032767659495,1408
10.028796251536306,1495
10.053910948052811,1441
10.072288399944949,1331
10.089481967508235,1393
10.111521662420028,1351
10.130496983228733,1376
10.149828500232884,1375
10.174792334749185,1371
10.197104692894369,1324
10.210834604425099,1392
10.235103558005425,1366
10.253022214353111,1224
10.273695128683134,1523
10.293830471561492,1465
10.31363315782992,1377
10.335804062584476,1401
10.354390999055072,1329
10.376939692898763,1501
10.396644182987613,1513
10.416612643072087,1409
10.435621291801045,1461
10.4566287564233,1410
10.479638961495397,1319
10.499475893378301,1375
10.516864828472764,1407
10.539364483532527,1372
10.56101447312772,1386
10.576518768278042,1394
10.601290179184355,1395
10.61922409124101,1403
10.642036416055397,1336
10.659714580364433,1356
10.677977214435497,1322
10.69867777372037,1458
10.722374908448767,1273
10.743144063518194,1469
10.761161865223851,1483
10.784593563350922,1381
10.800339218268137,1243
10.82387597875469,1378
10.841931985911769,1396
10.863396226054997,1339
10.885140575572542,1369
10.90367083145865,1491
10.924968427060065,1439
10.948096003726263,1344
10.965275514328097,1304
10.98844656225058,1380
11.004861644276444,1387
11.028526546300897,1429
11.050695955145692,1367
11.06321540886343,1430
11.08691078731205,1516
11.11000460203666,1448
11.12879024696952,1397
11.150284509447658,1389
11.168680127286793,1378
11.190407157194478,1470
11.210268503108058,1362
11.233261301661468,1402
11.25178045918406,1403
11.272292702780916,1369
11.29113962348383,1317
11.311334044927237,1419
11.331790020959051,1396
11.353789921578755,1430
11.372504928291665,1367
11.394272326926409,1473
11.418189458769215,1347
11.436126786538095,1502
11.454078370026204,1295
11.477478724894175,1426
11.494606026263114,1428
11.51169180789811,1352
11.534097764305939,1425
11.552718233045029,1476
11.576102669878306,1266
11.597188413564076,1430
11.620850331389557,1250
11.638497191471842,1342
11.657751015626005,1497
11.680193907805297,1365
11.694458705984223,1329
11.719698085677765,1388
11.74111446690863,1524
11.756961443988605,1290
11.782552004525886,1336
11.80128736921377,1489
11.820125680530285,1511
11.84256770004961,1393
11.866189401992314,1325
11.88235762874613,1525
11.902836217367922,1495
11.921766934355547,1440
11.941331847375007,1351
11.965038087706334,1397
11.982011128380737,1390
12.0042123084663,1419
12.02345974105764,1487
12.04571889556197,1452
12.06577414008036,1335
12.08752777571761,1482
12.104778542990694,1418
12.125604705877125,1441
12.144532808275455,1487
12.165947629146176,1333
12.187936696611727,1397
12.209041952818236,1368
12.226029524895898,1305
12.249958947343773,1420
12.271276891180479,1550
12.289738365228626,1289
12.313010967006603,1398
12.328055676942586,1438
12.347459825893479,1407
12.366737574761602,1393
12.393632983841696,1322
12.412295506490736,1413
12.431221485795515,1354
12.452238472349283,1268
12.469773436961354,1471
12.497261798974494,1457
12.51297461733852,1403
12.533280844523087,1413
12.554859468140982,1464
12.574715833315967,1413
12.594547462860358,1454
12.612864625860219,1382
12.635734391444691,1478
12.658901383682677,1419
12.678174054741344,1411
12.69901546786162,1323
12.715152543214788,1417
12.734541644886441,1350
12.756615160646069,1361
12.777324064270154,1351
12.799746877441825,1336
12.814519445104763,1527
12.841309354962421,1479
12.858280118485652,1515
12.878088252102222,1326
12.897263685450906,1404
12.916324060817,1322
12.941625995287964,1358
12.960472170013725,1344
12.978091492239177,1474
12.99842713645384,1376
13.020691604558694,1464
13.045047096967162,1436
13.061535751173164,1538
13.079394527928963,1311
13.102255207666335,1475
13.12254712661432,1468
13.13804468042724,1341
13.163675743939397,1460
13.183668344571322,1420
13.205868506320677,1386
13.228519885740248,1350
13.24742098356876,1356
13.264975956087863,1522
13.283646561610798,1400
13.311352212994091,1446
13.326669810214927,1352
13.346925111890032,1353
13.367194883091294,1464
13.387985182746357,1319
13.407646172360282,1375
13.427133449129679,1402
13.447532935220266,1406
13.468907026521624,1389
13.488231563479097,1423
13.508238601415318,1441
13.530223033395364,1444
13.549846098464448,1340
13.573709918835762,1382
13.58574587320112,1471
13.613576706481059,1453
13.634231743121516,1317
13.647938672231014,1421
13.671745957466978,1281
13.692034330882455,1402
13.710308069184318,1513
13.731913339157881,1343
13.751593700801438,1349
13.777665273338528,1445
13.796377969197282,1307
13.817395602560284,1362
13.83664171645769,1435
13.853286148746477,1361
13.874841091715663,1385
13.897214761329986,1444
13.914137636549054,1425
13.93835376898649,1416
13.956793001289137,1379
13.976869890429661,1422
13.999387331940477,1392
14.019199818586351,1427
14.037935239591048,1370
14.061321711488723,1389
14.077186805186102,1340
14.100926683014501,1397
14.121226894275857,1351
14.1397674788406,1333
14.16138471772302,1415
14.178576104485073,1412
14.203272265635565,1446
14.221400287283576,1374
14.241070525474731,1424
14.264559869926751,1433
14.2813990440533,1426
14.300336688800966,1350
14.320386233005953,1408
14.345057391215002,1421
14.361630392566626,1400
14.388046719594895,1274
14.400719152374467,1409
14.428621803886122,1532
14.445996806043258,1378
14.46572722484442,1356
14.48517669285385,1422
14.50741068321548,1418
14.526883021541234,1471
14.549510774669425,1324
14.567878506162025,1443
14.588296534346933,1435
14.60761458635889,1391
14.628573799495182,1420
14.649649174239718,1461
14.66595911387593,1452
14.68702895977634,1331
14.711557738767905,1449
14.730758821415423,1396
14.75039500382577,1404
14.771145718323913,1404
14.792149893827816,1390
14.81072109101578,1471
14.830589880884903,1394
14.852884060805211,1332
14.870881504699094,1376
14.894000635725062,1410
14.910124842964466,1473
14.935934201406901,1436
14.955166965056383,1348
14.975079709519493,1549
14.996878911978063,1415
15.018590358858408,1476
15.037634030058827,1390
15.052269421425436,1432
15.073737895913935,1450
15.095393292651323,1473
15.117040991866446,1463
15.13837000776627,1452
15.156229082058333,1381
15.178399983172902,1365
15.19686156373855,1419
15.21749517395658,1455
15.236250767328176,1386
15.25756350298896,1463
15.277052480229257,1487
15.298149982893843,1345
15.32255489295232,1349
15.33889469154075,1391
15.366404133407398,1418
15.382471885038793,1368
15.402200801443728,1481
15.420460293595283,1425
15.443923508873773,1402
15.461717493421789,1313
15.483458668662863,1321
15.508680698069417,1416
15.523714289152739,1272
15.546550835564068,1460
15.563191816020552,1390
15.58487407184912,1594
15.608831530060693,1538
15.624381874633153,1389
15.649606585824031,1393
15.667743072538256,1459
15.685548515074867,1502
15.708284144064073,1301
15.729310317444524,1292
15.748954708429013,1362
15.764916519024105,1434
15.786948574071545,1429
15.808253691111402,1464
15.828945741483611,1328
15.850681832496221,1261
15.870141770262295,1451
15.887461559502315,1350
15.911238523881057,1278
15.93204517962892,1408
15.952289468993524,1447
15.973677329508078,1392
15.993529492325376,1372
16.013125888134045,1390
16.03241307651198,1377
16.049577366027172,1319
16.074104404291777,1357
16.094006423187146,1431
16.114480085446516,1419
16.131729310579793,1410
16.152466574609925,1340
16.177080873356715,1389
16.19524133730165,1269
16.217029328963417,1410
16.23606884428024,1485
16.256417599766277,1311
16.278580535058545,1364
16.296017757949468,1419
16.317587968919092,1475
16.33681705674711,1373
16.35721849482896,1358
16.377815022996195,1281
16.399223514745707,1406
16.418167629918425,1522
16.441982519372207,1416
16.45802767247593,1398
16.479789023751355,1419
16.499629184882437,1399
16.523748482727,1351
16.541593516470623,1449
16.563609975955845,1413
16.57892104609014,1401
16.60277214732726,1341
16.624363188346077,1478
16.64309437469269,1439
16.66540664742358,1366
16.68258698973256,1460
16.70678614147244,1370
16.728911122798614,1353
16.743933529389803,1354
16.764114081427188,1293
16.788257735383535,1428
16.80885599068007,1290
16.824997006293607,1326
16.845548232673032,1275
16.86617091704881,1394
16.884391465203773,1390
16.90558894229218,1380
16.92576384461095,1337
16.94658241097356,1329
16.9683945162883,1427
16.989278195487454,1366
17.012256646967316,1418
17.02750481785952,1346
17.05181605069726,1410
17.069765308171164,1478
17.090440238399616,1435
17.112234684762566,1375
17.128985481694414,1415
17.152341625189216,1385
17.17225559007258,1400
17.19325346814348,1380
17.21319278286259,1390
17.2378709258139,1412
17.252030725524886,1340
17.272590091542693,1339
17.292751684359153,1316
17.31323289113299,1303
17.33341495107601,1326
17.357413638352146,1409
17.37822249374522,1346
17.394585872621047,1430
17.414408534021646,1402
17.437361956239936,1281
17.45566055899791,1439
17.47837674868129,1448
17.497862611046788,1340
17.5147711567344,1425
17.541243535326362,1348
17.562086160229203,1405
17.577614707461354,1324
17.59841076168176,1292
17.620103775542386,1377
17.64054683830022,1392
17.6615408932249,1376
17.684590093716395,1328
17.70056167014318,1376
17.7196648500684,1416
17.738848686060756,1397
17.760491344396208,1410
17.782232830489658,1359
17.806234080121747,1470
17.821955621755947,1329
17.843784300216605,1429
17.86364975848049,1470
17.88640527077884,1428
17.909428229042998,1387
17.92365850660472,1368
17.944087245224832,1462
17.967500325823313,1314
17.987121667007738,1341
18.009797178639268,1376
18.027617500317756,1474
18.046076939724838,1422
18.068322713527103,1341
18.089704690986192,1381
18.10947412814673,1363
18.12919359180586,1357
18.15065827308213,1458
18.17120939484315,1317
18.19198100160364,1496
18.210859983356055,1449
18.22957420737955,1465
18.25054775087236,1372
18.273013221391817,1391
18.289312212076137,1314
18.312029309995165,1368
18.330851165712073,1429
18.352041212941902,1477
18.374886506980555,1333
18.39305768135069,1378
18.41311423627027,1390
18.430647530851306,1316
18.45520563022463,1435
18.47534997141417,1356
18.498731392457803,1388
18.514135206500594,1372
18.535534943585137,1352
18.555941290256538,1399
18.57894330940795,1387
18.59594369174296,1377
18.61703820581858,1356
18.63804183574578,1419
18.65754514093197,1499
18.676624935415862,1408
18.698251862590073,1459
18.720356826063302,1316
18.736502411924068,1409
18.75916726183049,1334
18.77784696081163,1311
18.801983175658666,1355
18.816892588550555,1471
18.839166998624886,1457
18.86138514602887,1414
18.884107650296514,1308
18.90119098167521,1388
18.92055796310328,1418
18.945776556254856,1410
18.95946409427445,1289
18.97830839012135,1346
19.003931910894003,1396
19.0223936535045,1432
19.041701176278252,1268
19.06550623476642,1390
19.084923003258673,1408
19.103653124528964,1450
19.122566552952403,1441
19.147217956365616,1434
19.16711932402428,1352
19.185966449900114,1285
19.210203955579075,1376
19.224716392013637,1460
19.244151391163747,1483
19.266164505325143,1442
19.2878030293915,1425
19.308726760282166,1422
19.328103489227114,1366
19.349635952095163,1392
19.366774642413066,1500
19.3925111304289,1343
19.409805178823277,1496
19.432549952802546,1380
19.451346691791436,1479
19.471920627496296,1315
19.49249253557776,1435
19.512594298096637,1355
19.533330206455645,1315
19.555048945955484,1413
19.57312956319393,1460
19.594500408329015,1349
19.613248809384572,1310
19.636654395163355,1394
19.652767256087643,1394
19.678067801516892,1432
19.694731484709088,1456
19.71229613036545,1396
19.735759769358815,1511
19.75448733717335,1413
19.777876607545586,1379
19.795235952448312,1303
19.815994713499798,1384
19.833453878863647,1379
19.856674227646348,1457
19.873076961590893,1427
19.89510279455649,1329
19.920137309475056,1410
19.940533960439378,1440
19.960159155204956,1491
19.977720167754434,1453
19.999904577287715,1445
20.020338674881128,1403
20.03837503054023,1423
20.06404443648146,1474
20.083138244418386,1320
20.101287471448885,1379
20.12212905143384,1353
20.142837925331055,1422
20.15868356993762,1473
20.182618564868733,1364
20.20209483109709,1256
20.2218014395326,1375
20.243588358925926,1454
20.268091812524705,1432
20.286124005152853,1425
20.304045841410062,1383
20.326679244911645,1323
20.348678670181414,1430
20.368075106633377,1349
20.386690979966698,1531
20.405623725630754,1434
20.4286599257727,1365
20.448396329875624,1363
20.469745625504146,1394
20.48957146262676,1385
20.510746104413347,1467
20.527922408518897,1411
20.551973547032592,1356
20.57007983807002,1513
20.59418104056519,1402
20.60899802314307,1446
20.634194206344887,1363
20.65146398026479,1421
20.67011120264994,1418
20.69079214694837,1286
20.711465103959398,1520
20.733300010427904,1477
20.75384322947048,1376
20.771996038445838,1333
20.7934406092285,1420
20.818119739089553,1405
20.837636164671842,1421
20.855399605630296,1411
20.874948845206593,1430
20.895458780863,1486
20.916791634114333,1434
20.933864892997782,1337
20.955741605012644,1481
20.973265069899043,1498
20.997746564251315,1589
21.01858838984482,1332
21.036673505000124,1414
21.06113373141061,1275
21.07588010651733,1433
21.095748768042228,1367
21.119472301399075,1515
21.141463474326486,1353
21.163083013063485,1298
21.179143269114142,1371
21.202564279266053,1281
21.220675780619494,1445
21.240753422917923,1276
21.263211877352084,1401
21.283095083193246,1275
21.29898353308176,1380
21.32543527805449,1498
21.345588260022637,1421
21.361922831870633,1348
21.384311444299836,1398
21.40485377756484,1401
21.424732944683228,1428
21.443456866803196,1317
21.46356011033432,1435
21.48519812888752,1237
21.50794057502733,1362
21.52702819725731,1370
21.545545648243255,1437
21.568176154288032,1401
21.581281551584784,1315
21.609622048186093,1340
21.624190969187104,1411
21.647291394821163,1395
21.666122816874026,1365
21.686118673671142,1371
21.71137557015665,1441
21.728464394138577,1368
21.750438684263973,1394
21.769997715302058,1530
21.79139151807357,1314
21.810936960160554,1288
21.828563211889364,1447
21.853467609935944,1359
21.87083344309004,1380
21.88905367241835,1353
21.911656485853044,1384
21.935860115715553,1495
21.95490491957782,1448
21.972853051784085,1451
21.993197720603572,1315
22.013598845869083,1330
22.038741491897945,1229
22.055697746794596,1351
22.07613983914382,1457
22.097686202716815,1431
22.11644909408611,1386
22.135799311435726,1398
22.156270575988504,1358
22.176865953127155,1412
22.197280591132273,1445
22.21915617465187,1303
22.238150687295523,1417
22.259857955637646,1455
22.278577122282307,1375
22.299241705782464,1442
22.315433913992077,1568
22.341608850669854,1393
22.360815052231555,1423
22.382463975458784,1355
22.395021324441988,1410
22.425336464567245,1427
22.44122641586068,1411
22.464067840709774,1338
22.480117543181354,1412
22.50376878280504,1487
22.520782283827874,1426
22.541987456992143,1457
22.567408937580574,1385
22.583545390030622,1444
22.604707500537817,1416
22.626358650212143,1342
22.645955758486018,1419
22.665611112479667,1340
22.68638607663362,1362
22.710808865758473,1411
22.726232676953238,1417
22.74709599260004,1328
22.769140983257937,1463
22.78959660629115,1434
22.81010549499566,1357
22.829354774787905,1307
22.846137184477694,1391
22.872035937327066,1373
22.886822263435732,1406
22.910066105111557,1378
22.92829816244035,1279
22.95002431740651,1376
22.97115599887961,1381
22.991487068449214,1438
23.012034075486092,1358
23.034763536475047,1500
23.052789062499265,1285
23.071739560584966,1478
23.09450192815143,1386
23.11529857475201,1451
23.130810298103196,1404
23.154806193832478,1468
23.175359619136707,1376
23.193708026604675,1334
23.217400447197328,1485
23.234694802355946,1393
23.255591946396265,1413
23.27534052980006,1474
23.2960637115031,1338
23.314185883193453,1435
23.333844211561363,1364
23.360259203412312,1392
23.375722150548533,1404
23.395779168505562,1309
23.413801052936577,1353
23.437175789627716,1481
23.45615341349559,1453
23.482429503361985,1396
23.501510987179703,1414
23.51846093226997,1382
23.544687984530324,1481
23.562492523852928,1387
23.580225210071234,1413
23.596221941367812,1468
23.62614851790205,1353
23.639133367782648,1493
23.65896759518157,1308
23.684649413498814,1497
23.70782965740678,1377
23.72606457819043,1385
23.74476973075282,1286
23.765177301155358,1372
23.786040503548893,1337
23.806197409570217,1363
23.82558781519789,1391
23.84557971451716,1457
23.865592006012765,1412
23.88455514305014,1418
23.90584760203345,1334
23.9233689185181,1347
23.94690403285221,1507
23.965469409850808,1355
23.985585293389985,1499
24.008498140286033,1385
24.03126823651572,1400
24.050666745114345,1464
24.0660349906544,1476
24.087542615547815,1393
24.11174929415624,1376
24.1282486569525,1396
24.15011024539889,1420
24.17200549585624,1453
24.189314582707773,1400
24.2118079025891,1437
24.22927498054628,1498
24.251086176207522,1422
24.273274355323018,1418
24.289794683946976,1308
24.314207500849268,1242
24.333633155734802,1423
24.3551232912008,1394
24.374812019519403,1369
24.39743835207053,1414
24.415306400175186,1396
24.43454302004695,1467
24.455992306094572,1405
24.477180187105887,1355
24.496537191147773,1459
24.51686653434884,1386
24.535727247550124,1431
24.556151309049945,1371
24.575017780300758,1361
24.60166802429004,1405
24.61602702429219,1400
24.637474820326688,1428
24.65776969615045,1383
24.681342239394784,1289
24.69930837124362,1374
24.72273963470486,1447
24.739243049270332,1382
24.761493898802577,1385
24.779611096330918,1459
24.805917968652295,1357
24.819598353517996,1307
24.842939071735817,1390
24.863932864036535,1370
24.883838788428882,1342
24.90298649487553,1389
24.92344330875313,1429
24.94413645305586,1399
24.964100706067953,1418
24.986668348264107,1508
25.00950751599301,1379
25.024317366379123,1416
25.04303862394929,1369
25.065947545771053,1349
25.09162940850237,1364
25.105208520650432,1371
25.130439983356567,1421
25.150863031333138,1540
25.16674633318088,1357
25.189337355781973,1375
25.211802062829168,1396
25.22813289406024,1423
25.24882986878132,1415
25.26841954763294,1477
25.287899275958758,1254
25.308976114289322,1256
25.328172668805237,1370
25.351034596234587,1465
25.36977236279526,1306
25.392125761040266,1219
25.408892277883584,1434
25.43301170959973,1414
25.454362887017826,1334
25.469054237768773,1340
25.494135702152924,1341
25.516188806957484,1406
25.53166006689446,1362
25.557770373664827,1429
25.57560914686919,1228
25.59370696509825,1348
25.61535133061376,1332
25.636925402553427,1384
25.656306639470515,1367
25.67757802063189,1447
25.69500504142015,1288
25.717530990213692,1402
25.734710719531115,1433
25.75766157636154,1511
25.776422093160612,1371
25.79710472851767,1419
25.82139385471258,1291
25.841450168562655,1256
25.86083170452259,1450
25.877774682710736,1399
25.8996723713,1470
25.923077263558657,1317
25.94128038194529,1431
25.96598148715728,1512
25.982475343715414,1425
26.002418686228914,1416
26.021762235026834,1400
26.042993429724113,1305
26.062767288201094,1481
26.08483432518654,1363
26.105677392426063,1430
26.122537888830763,1306
26.141793281803974,1329
26.161129216924195,1486
26.186163490283533,1379
26.20328665437667,1487
26.221533486362418,1395
26.246962304716693,1289
26.271517026501805,1453
26.286864765603166,1364
26.30889976893446,1441
26.32773232606196,1401
26.347716767997788,1307
26.370098580229456,1409
26.388025758134415,1531
26.409486971810242,1429
26.4299414627538,1396
26.448307766193427,1464
26.471973911759097,1412
26.48998578750594,1412
26.509170096659652,1334
26.532100486625087,1414
26.54957641093367,1462
26.5717755891713,1349
26.59204686882258,1485
26.614582777906843,1394
26.63370626320025,1346
26.653052692776306,1459
26.675084159251504,1382
26.696574921710447,1445
26.715256007184426,1382
26.734506971770717,1396
26.752208474025636,1429
26.773047799123493,1417
26.794913457000245,1280
26.814650761963943,1332
26.8358417237216,1455
26.856674846136674,1392
26.877966811754902,1368
26.897112308649376,1318
26.918572189452455,1335
26.93807401495373,1278
26.954340012950713,1393
26.97675815525509,1364
26.998694530890592,1342
27.016909196475662,1395
27.040874323380642,1421
27.063081847544648,1525
27.082803749542666,1309
27.10028522005672,1469
27.124039438031588,1458
27.141701200631598,1353
27.161075573734266,1412
27.180868820308728,1372
27.20183656622214,1411
27.222011031917344,1490
27.243474097958487,1436
27.263800293435143,1430
27.283831117472655,1374
27.305044781731155,1310
27.32689807790054,1387
27.34676177358116,1472
27.362238749332686,1308
27.380446582959088,1336
27.40776894501068,1407
27.423512427750676,1340
27.446142534303032,1352
27.464597719014005,1374
27.48367986415027,1318
27.50871263044115,1341
27.529493895264658,1442
27.547168444101906,1321
27.563485260278377,1304
27.587920735925472,1362
27.61014271279209,1443
27.626747161603042,1388
27.650417584539458,1372
27.67036612496086,1402
27.69190120761772,1295
27.711327665314652,1429
27.729488246655368,1423
27.75417340749977,1375
27.771809085309698,1460
27.79241741533604,1332
27.81095136845622,1467
27.83227721983129,1409
27.85174005886493,1379
27.873509652132444,1398
27.897624841171883,1393
27.911803501885043,1473
27.93166606133446,1335
27.958181404744508,1354
27.97516629669453,1462
27.99459267853082,1364
28.01835651334224,1454
28.035411352847284,1501
28.06062048331316,1375
28.078670195588053,1440
28.09668440098839,1330
28.12232072019052,1445
28.13714055387729,1411
28.160182054426624,1428
28.179642328802725,1361
28.201993106180023,1300
28.222858525953985,1430
28.240145391817972,1276
28.258920427738456,1380
28.281693087724335,1456
28.29976359265826,1411
28.325491677852124,1516
28.342083853978544,1461
28.361426020173063,1360
28.382871903846723,1401
28.400154170615245,1397
28.421251075076594,1305
28.445941010928813,1343
28.462572274514287,1366
28.482138121066175,1277
28.505651128495902,1402
28.52729511125948,1385
28.546707489530792,1299
28.567607558240383,1424
28.584447752650938,1442
28.603463601453903,1413
28.629655770050604,1380
28.64635362302832,1435
28.666843196632403,1440
28.690347130908318,1418
28.709149082602732,1350
28.7292942780874,1416
28.753058387192347,1471
28.767787226001094,1364
28.791275822677324,1525
28.809880048630262,1368
28.830649086897502,1401
28.85351471915191,1359
28.871819333770972,1413
28.892226134375804,1295
28.913640436851633,1367
28.931111396677235,1334
28.95050876276095,1408
28.970443443666895,1459
28.98894622883549,1438
29.01733723623343,1257
29.031364285201416,1522
29.053474074644996,1417
29.073708835251697,1353
29.0952231552064,1409
29.116585696195173,1410
29.13702104870612,1359
29.154479826811574,1411
29.175657618220445,1363
29.196902901508302,1375
29.21618623931427,1358
29.24024419267798,1314
29.258357331388527,1408
29.279191017016657,1435
29.2993929039412,1430
29.320759969078143,1449
29.339120944439895,1419
29.35651111738588,1368
29.380250037144606,1450
29.398493827412825,1318
29.419085187796217,1345
29.441661029156535,1342
29.4633107472212,1464
29.481222604191114,1456
29.50214360702215,1429
29.525276250845526,1464
29.54269920727454,1347
29.567766947103237,1420
29.58404048012545,1392
29.59973381527518,1450
29.62510790399501,1393
29.644709417481874,1376
29.66687248617958,1432
29.685985223333265,1452
29.704707828622062,1359
29.72288202407676,1396
29.745258453994076,1336
29.764321339559537,1250
29.785207213527656,1412
29.807891297195415,1436
29.830399829354587,1415
29.848195243364838,1283
29.86536001414043,1378
29.88898686556025,1266
29.910836803156407,1482
29.927569854333782,1334
29.948867265768385,1475
29.969510556450498,1456
29.988257263394182,1345
30.011469500847344,1332
30.03027692364175,1421
30.051703764786087,1349
30.06943559550198,1406
30.090681543216242,1371
30.113347102491854,1293
30.13150255343132,1266
30.15604802739728,1413
30.172140707282892,1366
30.193735229064934,1366
30.215496921236483,1441
30.231140888066182,1470
30.250801881867396,1383
30.271618066821524,1379
30.297540427616827,1430
30.314257423077496,1318
30.340823417899923,1413
30.354924404090582,1433
30.3767678818536,1440
30.39982887911165,1283
30.421102724942138,1354
30.4415594262784,1347
30.46019903154562,1405
30.48017630409537,1428
30.49965911290146,1489
30.520376661114696,1370
30.538063447489012,1370
30.557875301114134,1468
30.579850829925466,1417
30.599863089554546,1476
30.619642882660248,1417
30.642287993613124,1330
30.66315170909466,1320
30.68176379240941,1306
30.70488791875825,1439
30.71999536032718,1471
30.742237299596194,1510
30.761536853832855,1450
30.779583305199225,1469
30.80349689702099,1365
30.823764643335217,1330
30.84738091779778,1451
30.86596152163971,1425
30.88299740458125,1406
30.909099843321886,1423
30.92817960553958,1419
30.947247613514772,1477
30.965976329869445,1477
30.984856299553005,1432
31.00637664443362,1450
31.029644435184476,1430
31.051581990516244,1372
31.07124518492023,1445
31.087526878979418,1316
31.10661122291572,1463
31.12947811023543,1328
31.146005338969793,1417
31.170534433088598,1349
31.189938772446936,1433
31.209647784575107,1397
31.227736331403616,1304
31.2522988177106,1425
31.270552095777443,1365
31.289623543744653,1452
31.306564732948818,1400
31.332600107524588,1423
31.356545520487337,1342
31.376669415682404,1364
31.392778584699446,1372
31.412834233051203,1451
31.435322085643385,1500
31.452733646212163,1351
31.475679880849487,1464
31.496954337565928,1269
31.518221923416235,1328
31.535913628774814,1342
31.556052469386728,1318
31.575049731672877,1304
31.59549781609762,1424
31.617044498981205,1387
31.63857806773795,1422
31.66001638593609,1441
31.676928738741573,1415
31.701866353740158,1439
31.718684609359464,1395
31.73953000193216,1328
31.75842419312187,1463
31.775416015918925,1364
31.802378467191502,1343
31.822429944152276,1389
31.840739481203162,1345
31.861781997711155,1374
31.883025774671424,1420
31.89921468448155,1420
31.921627550799936,1346
31.94462006547318,1370
31.960868837226908,1464
31.98431041189689,1429
32.00135601238262,1524
32.02534791591604,1470
32.044689652945884,1468
32.061876552237976,1316
32.08778217453801,1445
32.10432939263481,1396
32.12452395087369,1366
32.14689147410148,1410
32.16913349036518,1456
32.18515045198768,1430
32.20765133528464,1347
32.228731488544916,1444
32.249605946718084,1361
32.26891849857342,1413
32.28817743974401,1381
32.30760219494019,1386
32.329775543106884,1445
32.34780485727613,1337
32.36445231429242,1516
32.39151401482704,1290
32.412794644860206,1364
32.426606790266256,1422
32.44965907368723,1435
32.47326272357797,1393
32.496485285954684,1396
32.512757762389924,1424
32.53160604905142,1386
32.55304214201098,1483
32.57650356769079,1450
32.592807766453554,1452
32.61284719075781,1342
32.63382596768606,1395
32.65323067747321,1381
32.675728555281026,1339
32.69907845152528,1421
32.71682113311388,1367
32.736016147522705,1439
32.756283111948434,1335
32.77408623282818,1503
32.79932471395917,1346
32.81774869997017,1413
32.83788929449632,1447
32.864982349418504,1365
32.87953952005885,1451
32.89778431210124,1326
32.91878105896833,1487
32.94227654553844,1400
32.96055207490043,1364
32.97779485808203,1382
33.002855751867116,1448
33.0200268857862,1364
33.04545564946902,1355
33.06421503000732,1386
33.08150617004388,1329
33.105308726517976,1509
33.12322828477487,1366
33.145144001063365,1449
33.16475379930702,1412
33.18243750032176,1340
33.20318899392641,1399
33.22688189518552,1447
33.24449830284545,1388
33.26470643654249,1471
33.28394936826958,1461
33.307052691518784,1455
33.33067642318539,1372
33.3447621874777,1335
33.367291572178864,1363
33.39041345433566,1411
33.40777561040164,1432
33.42918551673594,1269
33.446501866046454,1399
33.469829147256476,1409
33.488944124491354,1383
33.51163575297203,1477
33.53238494504311,1425
33.55553518018333,1478
33.571861199205024,1387
33.59169940545107,1456
33.611782461380365,1498
33.6310332401509,1478
33.65276242038275,1334
33.67184052983486,1384
33.69311413456698,1379
33.71575828764497,1429
33.731455887402504,1441
33.756094609614635,1349
33.776794962586365,1404
33.79427047535701,1278
33.81060878257228,1486
33.833982728355416,1369
33.858138241382036,1403
33.875844396123625,1381
33.89423740774294,1468
33.91557234232438,1229
33.93860901217916,1399
33.958367119221855,1393
33.977141667846425,1372
33.997231763180444,1503
34.01752777566529,1346
34.03681235155369,1446
34.06223380326093,1421
34.07870429090288,1475
34.102129128842265,1359
34.12308332386376,1356
34.14238319351552,1465
34.1598692110531,1425
34.181885791818516,1307
34.20137582038438,1367
34.21996268783501,1423
34.24276469007921,1450
34.26010377189276,1359
34.28518309021131,1225
34.3022243767991,1431
34.32390181066475,1326
34.344411947055406,1278
34.36367344132421,1230
34.38571051883388,1448
34.40393320387699,1407
34.42697148574446,1386
34.44288281174836,1483
34.466173410227256,1438
34.49014438902559,1496
34.50461174833757,1316
34.525602801005036,1397
34.54833198660471,1302
34.56800921442858,1386
34.588697191022554,1385
34.60932018504361,1437
34.629957133679746,1402
34.65125297038585,1437
34.67019908797511,1442
34.68924281531132,1529
34.711416357982266,1381
34.73421685440896,1343
34.75049770300571,1414
34.769159791848445,1351
34.793668891755665,1488
34.811559848048496,1383
34.82780115124368,1366
34.85418721364932,1371
34.87176759388242,1443
34.893003063649026,1390
34.91419397083408,1361
34.934256889491806,1499
34.95564067372584,1348
34.973696677309725,1402
34.99593974160653,1439
35.014740316614315,1302
35.03708291089056,1428
35.05718190485612,1336
35.07442617244332,1449
35.098814894039066,1342
35.1159168828758,1441
35.1389508053219,1466
35.15841514431145,1451
35.18170281699754,1415
35.197925397638514,1386
35.21801957597033,1365
35.2390252503101,1488
35.25880360991552,1358
35.281355733244375,1337
35.296869108182925,1439
35.31834024452081,1352
35.33865788347526,1342
35.36303998446167,1313
35.38490647598219,1371
35.401622230759266,1395
35.42183936570927,1414
35.44266299344118,1457
35.46519252567948,1431
35.48135994276519,1388
35.50403726695835,1388
35.52585680421175,1430
35.545254477251376,1476
35.56497733210401,1407
35.586946141015254,1371
35.59988346420343,1340
35.6269915593878,1313
35.64467353734179,1439
35.66266630287364,1434
35.68769585382571,1434
35.70976664567629,1392
35.727090311516015,1484
35.749616837598985,1370
35.77128152497986,1457
35.791032677330364,1397
35.812028657441246,1363
35.83057886332396,1435
35.84959135557892,1424
35.866582436636634,1421
35.889640123243474,1404
35.90879163498841,1397
35.93516589357335,1543
35.950818116472796,1471
35.971762177670534,1443
35.992964618768355,1406
36.012294732868334,1460
36.03594351001576,1431
36.05165398917074,1401
36.07363438276399,1381
36.092106106641424,1395
36.11129688274969,1209
36.133059269549626,1412
36.15455461409665,1370
36.17411596320102,1495
36.193935605649614,1401
36.212853692641325,1328
36.23584599638272,1397
36.25334864673923,1337
36.27822407937397,1428
36.29721472691177,1417
36.31448062436628,1457
36.33712318917042,1352
36.35658317447265,1402
36.37907171626397,1318
36.401460148094486,1442
36.41537478222246,1431
36.43970105927935,1429
36.45949662148923,1400
36.48150544719258,1424
36.50093504025546,1496
36.51935058829482,1382
36.54056229904627,1408
36.5599542351633,1334
36.58404418111342,1347
36.602280670092874,1405
36.62638630812634,1466
36.64280848508651,1384
36.66185887313963,1385
36.680594137847535,1375
36.700361167239556,1367
36.721145054665364,1417
36.745193459812704,1310
36.76602253651645,1476
36.78218858502523,1360
36.80748692301676,1443
36.82507660424455,1323
36.846682192331194,1440
36.869958927523044,1440
36.888874044857566,1423
36.90688918488934,1340
36.925989741693634,1414
36.94381437530111,1329
36.96702557942459,1384
36.98838750554473,1461
37.00718128692739,1447
37.02923901200682,1400
37.050001109666226,1341
37.069743573896,1438
37.08923916065728,1401
37.111222355122166,1260
37.13211480703668,1446
37.14939600754196,1398
37.174744550415646,1472
37.19207138935089,1334
37.21265214482066,1209
37.23437675438059,1416
37.253772637755915,1417
37.275558358720524,1298
37.294572213742406,1341
37.31311897062203,1565
37.33541273238103,1381
37.352748152875286,1443
37.375598604660794,1360
37.39566090522726,1274
37.41565701145331,1389
37.436162050104286,1384
37.45300130699548,1376
37.4760134352303,1393
37.49764245480737,1415
37.518122357748396,1390
37.536093174641856,1324
37.561025820564744,1429
37.57710793514589,1283
37.60112507920268,1276
37.62038643348468,1444
37.63858547010056,1430
37.66377442646477,1396
37.678182410975346,1316
37.70275387294539,1357
37.72326260919356,1384
37.74026608409863,1304
37.76473813507622,1355
37.781798991406205,1439
37.80322235165327,1485
37.82351148803156,1374
37.843068106830394,1445
37.865304220818956,1285
37.885615461673055,1439
37.90087730024478,1351
37.92732892463632,1418
37.9417411401338,1385
37.967477096477865,1479
37.98801129430214,1347
38.003921831127364,1437
38.0256280153712,1383
38.04458411456944,1390
38.06671156180514,1388
38.08687121525666,1349
38.109392484848875,1399
38.13079966123588,1396
38.151316291324534,1414
38.1677464676091,1405
38.188798239874075,1447
38.206195687196434,1455
38.22829670340719,1336
38.25218402676568,1452
38.27383136910589,1328
38.288477385674355,1435
38.310107034859115,1437
38.33158503182281,1285
38.352544045613676,1405
38.3707103962155,1371
38.39352360530358,1354
38.41207368447982,1481
38.43333833859151,1360
38.45480569158858,1351
38.4740718475915,1404
38.49353211123014,1441
38.51453154336265,1391
38.5349199170114,1469
38.55470250082935,1431
38.57527081072309,1269
38.59933157714874,1368
38.617602001662924,1366
38.63623508209029,1428
38.65856583149468,1242
38.67685016366545,1552
38.70020993187944,1431
38.718948846947974,1408
38.73834083823488,1470
38.75979675633382,1540
38.77610545013737,1452
38.797339547463,1456
38.81755111234733,1407
38.840570728508965,1391
38.86409575227771,1371
38.885439202530435,1350
38.90259858440024,1358
38.92267005110656,1318
38.93841212664767,1395
38.96127477447581,1298
38.981130434530776,1411
39.00181018679739,1397
39.02306147431604,1408
39.04279946075712,1368
39.06013092225107,1584
39.08593122234336,1481
39.102635795738955,1325
39.12560565547797,1413
39.149621207048554,1363
39.16398015248519,1339
39.181104226582185,1319
39.20593867314322,1425
39.22905848081629,1359
39.25111913641404,1458
39.265089222276,1459
39.28888759987069,1482
39.307309460469966,1348
39.328374064634225,1428
39.354220527996176,1437
39.366271780604656,1371
39.390131080543746,1353
39.41090486752359,1496
39.43248693378925,1413
39.45085720740562,1438
39.471623222137,1350
39.49056970388245,1326
39.51223713485909,1365
39.531358376384915,1392
39.55363378467493,1336
39.57199730018244,1399
39.59383660160164,1298
39.613369755145776,1332
39.636026261234,1440
39.65401725324459,1436
39.67091985571466,1376
39.69733564361181,1338
39.71334621596797,1338
39.7341960278517,1377
39.75465811790022,1438
39.77894419663395,1455
39.792269851978965,1370
39.82316257743355,1330
39.83934507394367,1416
39.8580253181131,1350
39.87781493224292,1368
39.898841708353174,1479
39.919658725019524,1449
39.94025279129398,1409
39.96041944901339,1323
39.9798332814032,1412
39.999605323159386,1463
40.020043333392,1377
40.04030194335791,1481
40.06330518007166,1477
40.08257063328179,1499
40.09584862252722,1418
40.12338708130891,1435
40.1428106321046,1484
40.16272962216158,1426
40.1823358827276,1369
40.20570702503306,1373
40.22569973247664,1414
40.242604804176054,1322
40.265310544045256,1391
40.282899005961234,1465
40.302428963060045,1268
40.32428064489975,1492
40.347604746253005,1467
40.368132089358305,1372
40.38759789006705,1432
40.40836779075986,1400
40.4282958357197,1473
40.44632639591433,1458
40.46881908415344,1315
40.48990193807385,1435
40.51015558164233,1387
40.531370705684964,1404
40.55075536659573,1356
40.57038753527572,1504
40.59217081929658,1462
40.61032335626076,1355
40.628958529436105,1319
40.65074202476998,1376
40.66992423336756,1426
40.690409562066534,1414
40.71181676123436,1475
40.730866838693096,1447
40.75218163543513,1458
40.769356209119806,1419
40.79391590582777,1316
40.81383760932306,1388
40.832546901069506,1463
40.855845449627815,1396
40.87674797852551,1430
40.89200359848083,1380
40.914039148611735,1338
40.9343721934286,1392
40.95437655188527,1418
40.97826118773066,1360
40.996560465728564,1385
41.01676496828279,1343
41.03363215319591,1467
41.059256593944454,1382
41.07585312105363,1487
41.09879738306318,1491
41.119578151637874,1395
41.14209059491294,1339
41.15709751688234,1274
41.17402201332824,1311
41.2007746166887,1317
41.22435381992152,1482
41.24357657022368,1406
41.261863876307665,1423
41.280807165065156,1266
41.303750562589,1328
41.320535104955624,1453
41.34378079285305,1417
41.36418489759198,1391
41.38564025704796,1433
41.40938503727009,1498
41.42499642908594,1386
41.44353954985947,1404
41.46485220844581,1411
41.48171108521973,1543
41.504205690726636,1274
41.525122432071896,1440
41.54523870011156,1393
41.5669374666108,1434
41.58533379696128,1360
41.60956657812,1397
41.6276708108745,1442
41.64799767606169,1586
41.66770636723025,1448
41.689018417990304,1349
41.71070411311123,1374
41.72766553610978,1372
41.74842944352236,1292
41.76948410440227,1380
41.78774569457218,1443
41.80914480065899,1323
41.83017675459065,1462
41.853223854658474,1429
41.87234607891436,1355
41.8925540160384,1391
41.91421451209931,1495
41.93258385255749,1444
41.95398540579345,1400
41.97334391254704,1385
41.99442696071101,1404
42.0130765986563,1369
42.02971036161428,1273
42.054665317565764,1522
42.078125252121644,1409
42.097478066613235,1423
42.11790231073724,1396
42.13878965717098,1355
42.1568405908686,1388
42.1774037870608,1304
42.19611973181442,1536
42.217068769852546,1325
42.23927833782345,1338
42.26080044435755,1373
42.27845966289116,1477
42.29818405687213,1400
42.31943137127885,1325
42.340978608818304,1475
42.35723436564749,1443
42.37587559333279,1432
42.399712761499394,1442
42.418718290305854,1543
42.440489314721695,1531
42.46155591443867,1358
42.48129085821756,1497
42.50544817006386,1422
42.52354260448343,1429
42.54383594363276,1298
42.56482528916093,1389
42.581649088596585,1351
42.6063508583663,1449
42.624466986177694,1464
42.646305355944556,1275
42.6631665602033,1398
42.68254863709666,1467
42.70763781390404,1388
42.7271007335995,1443
42.744889691397894,1421
42.76530034830337,1420
42.78963642399406,1383
42.80535261059881,1327
42.83136266025036,1332
42.846621952833864,1442
42.870045858113684,1401
42.88845771727028,1391
42.91066720904325,1374
42.92871848613616,1381
42.949827008287556,1462
42.9705803124098,1379
42.98883997910675,1319
43.012671882668464,1444
43.03050968680399,1387
43.05142479406556,1401
43.07023917510633,1496
43.087449086497266,1398
43.11253757824896,1417
43.138090744576694,1329
43.15518060226857,1386
43.17391875289262,1436
43.193777371952976,1306
43.214693965356325,1412
43.23608915176036,1406
43.252979167858705,1402
43.27791531683797,1462
43.29746331603882,1420
43.31781480481867,1488
43.33760126480418,1340
43.357109426601255,1408
43.378761795717104,1405
43.39894558147196,1335
43.417399751741904,1457
43.437306509577304,1539
43.45900330567293,1398
43.4822435133447,1430
43.49701313884971,1405
43.51690218242882,1357
43.54051263460211,1290
43.56063076828266,1357
43.581221556166994,1316
43.60170865919338,1502
43.6211202282476,1393
43.64489223959338,1379
43.65905658471853,1453
43.68094727858523,1332
43.7027436430738,1353
43.720009654931104,1404
43.74329020370386,1461
43.76731073280349,1430
43.78437544540793,1414
43.80514095420208,1404
43.822505102819605,1424
43.844138589493184,1412
43.86496679950792,1338
43.885427642034365,1402
43.90897223977719,1335
43.92787021426794,1404
43.944877796191925,1371
43.96793960162197,1552
43.98878891552141,1397
44.010418650060764,1315
44.03164531331617,1391
44.046799923518684,1431
44.067554276839225,1500
44.087006716103126,1364
44.10939971206205,1305
44.131146348488464,1449
44.15253418073206,1317
44.17075348961091,1373
44.190611576570994,1384
44.21190066756131,1395
44.23027274573286,1441
44.256467988938816,1358
44.269419469400496,1383
44.29335015257183,1399
44.31737376381181,1408
44.33368603102178,1405
44.353638233221965,1426
44.37364930040565,1450
44.39434928784706,1423
44.417801648119244,1427
44.43097810730654,1305
44.4588145784911,1403
44.47324567674291,1428
44.495906166348654,1443
44.51592686212583,1358
44.53830833746528,1360
44.55428086218128,1365
44.57874733617652,1432
44.602217490050236,1462
44.61578840275379,1375
44.639240043057505,1454
44.657882546326,1407
44.68040416505329,1392
44.69993656615504,1387
44.71896117674143,1444
44.74156577508857,1419
44.764544606697704,1536
44.78089998285399,1348
44.80306718628104,1431
44.819387004440316,1368
44.84040655756173,1347
44.86361012283043,1399
44.88597942229105,1408
44.904068296890856,1575
44.923076834091546,1388
44.94404741292275,1332
44.96189389460327,1416
44.98594962068323,1275
45.00685113611448,1394
45.02452816928347,1400
45.04483814561292,1447
45.06665586632706,1458
45.085596550354985,1369
45.10668360455712,1390
45.13136119332402,1354
45.1470135783035,1332
45.16713682936025,1418
45.18690430601234,1323
45.21003365352591,1375
45.228528701195785,1340
45.24793828342489,1432
45.272225517525385,1508
45.29276799542917,1321
45.309073822247974,1288
45.32688746943604,1392
45.352981456677746,1400
45.36994304960586,1413
45.39323944041501,1373
45.40806386154057,1387
45.4341351438119,1422
45.450273485236046,1462
45.47450323729205,1282
45.4934161351489,1377
45.51182559013374,1412
45.533265276306,1344
45.55579786580507,1503
45.57498289775669,1361
45.59628581477072,1397
45.619415749938106,1433
45.632680265504966,1364
45.65938905383763,1289
45.67670922052205,1374
45.69504882050966,1461
45.71453164131414,1379
45.737159907743376,1349
45.75972732870808,1455
45.777974810202785,1380
45.80159809826335,1369
45.81601931698206,1408
45.83924337042578,1446
45.857108641391946,1542
45.88068657200533,1449
45.90207896297959,1469
45.919809544571336,1369
45.93578852040475,1338
45.961740724370905,1403
45.9825621851401,1406
46.00284317750586,1335
46.02485203233889,1389
46.040584240555255,1423
46.06443266008476,1421
46.085803122858124,1430
46.100206812624464,1417
46.12474917140362,1369
46.143447388049076,1369
46.164638582324194,1328
46.185842860596786,1507
46.204518930460786,1400
46.22448785139,1386
46.24625345234261,1344
46.264356535589215,1576
46.284705257168476,1335
46.30858153395147,1374
46.32527107927454,1424
46.34924717230599,1436
46.36918560984919,1457
46.38515469376521,1508
46.407597057877425,1430
46.43168628594751,1336
46.44768161603844,1384
46.469061018535406,1418
46.49125982880584,1524
46.51224836799721,1316
46.53052438916586,1472
46.550178326507876,1410
46.574563966579966,1450
46.59554290614347,1393
46.614368702876746,1349
46.632927503019616,1445
46.651486215250515,1439
46.67178773783999,1458
46.69483953482295,1399
46.714977183013495,1364
46.73728946371692,1306
46.75613304667541,1449
46.772171865846126,1425
46.797627801644396,1342
46.81387366511363,1367
46.835447723783666,1371
46.85706194669938,1311
46.88089876122576,1350
46.90347314331751,1331
46.91881263228308,1375
46.93757867288667,1355
46.959359957380386,1302
46.98041213689448,1521
46.99834137075092,1475
47.02291900867317,1353
47.040134607439036,1416
47.061015832058146,1425
47.08169807434338,1471
47.101555279019806,1350
47.12273586675882,1465
47.1401693593441,1367
47.160633142168614,1319
47.179895317169866,1443
47.20332050805636,1477
47.22434525856145,1555
47.24404881124604,1328
47.26682813033974,1441
47.28381383339469,1375
47.30550838870284,1447
47.32233338359869,1311
47.34408846590533,1324
47.36659962078472,1353
47.38725262945038,1404
47.40531237129288,1361
47.4261029866438,1439
47.44355631761346,1461
47.466223886664515,1435
47.489064591352474,1497
47.508780115016954,1424
47.52897691638682,1326
47.54842101227772,1481
47.56868147117992,1363
47.58769258254303,1454
47.61075676162169,1494
47.63054693062937,1427
47.651034902395885,1310
47.66934467497387,1344
47.68643593877877,1479
47.71328281000133,1389
47.730476709625115,1404
47.75005471296835,1445
47.77351310227957,1441
47.79168799913522,1416
47.81493777714246,1387
47.83439779623283,1381
47.85487680293939,1451
47.87112363282989,1433
47.89662531218237,1384
47.91506980523338,1464
47.934154629851726,1392
47.95552584102421,1348
47.972032473583035,1354
47.9967481296311,1341
48.014217960951086,1383
48.03391724335507,1474
48.05392374551363,1351
48.079539720595356,1411
48.09640169701729,1360
48.12107355918382,1384
48.13728038079719,1309
48.15528314776742,1386
48.17681069476202,1388
48.20186124684123,1432
48.219423707204655,1413
48.238984808926865,1328
48.260747299930856,1465
48.2817767089108,1412
48.303353821029575,1411
48.324361901816864,1399
48.3410912460248,1368
48.35950456790353,1413
48.38167561291275,1428
48.403368984207475,1295
48.42126678530119,1367
48.44162588128313,1384
48.46457363883533,1415
48.4841346383284,1471
48.50464341698167,1353
48.52340671228075,1370
48.54480878148105,1369
48.563766996580235,1351
48.587741739650326,1379
48.60837772145683,1446
48.62296072702222,1336
48.64513996098562,1425
48.66435180415513,1297
48.6863906947558,1366
48.70786974664435,1380
48.725483212103846,1500
48.7468846628763,1383
48.767066347717694,1267
48.78983467707996,1280
48.80990471105454,1402
48.828668427233104,1436
48.850811424043364,1422
48.869710302089224,1410
48.890606231997054,1469
48.91484232635761,1367
48.9345222242399,1453
48.94958801962177,1302
48.9741925268907,1345
48.99450173512323,1291
49.01092829539605,1383
49.03520825722037,1397
49.056992445728994,1406
49.07201737223899,1403
49.092773336168754,1344
49.11698954470378,1388
49.13584309235105,1310
49.1567489342392,1481
49.17667304008082,1381
49.197119133449185,1370
49.214030677310014,1495
49.23912413693919,1325
49.25971456147011,1332
49.27726247995643,1334
49.297980187504244,1395
49.31535080635807,1425
49.33978741083452,1444
49.360248896165224,1554
49.379326279207106,1265
49.40204524792015,1436
49.419474266697755,1366
49.441617512970815,1364
49.45879485240095,1362
49.48113295673589,1345
49.50117723248114,1501
49.52232243680034,1450
49.5414786470579,1401
49.56230063568353,1481
49.58456155517706,1309
49.60238181231902,1320
49.62038806655133,1269
49.647446268520525,1358
49.6670558888288,1409
49.682054335240515,1406
49.70636415620053,1408
49.72432467100824,1315
49.746203474939314,1448
49.76661082872599,1414
49.78589944482663,1443
49.8051466090554,1286
49.82567893824125,1418
49.845573516474225,1328
49.86608813584804,1376
49.88796330364371,1432
49.907012020204895,1405
49.93015352427385,1348
49.9521097924124,1400
49.968321073578295,1308
49.99030586902142,1469
50.01117231020026,1387
50.0314628244808,1467
50.05101661043411,1368
50.0726959446943,1368
50.09252095772226,1354
50.10942701493155,1452
50.13398653186429,1357
50.15436868136935,1438
50.17141340744577,1377
50.19336173528433,1281
50.21499839755836,1365
50.23355899189289,1329
50.25646945558689,1402
50.2793971244399,1328
50.2934432873447,1455
50.31259905016297,1394
50.3363146565198,1389
50.35749602429815,1439
50.375937046499516,1457
50.399651180533155,1398
50.41441332756637,1353
50.43882225637119,1293
50.45657057744292,1358
50.48156693485616,1362
50.50245908970939,1406
50.5172866257868,1379
50.53806670464986,1441
50.56123087465494,1363
50.579083317540714,1396
50.60011263636373,1471
50.62060011559999,1420
50.63705587240582,1396
50.66121342318533,1363
50.680207523088704,1362
50.70094661295134,1348
50.72516600256238,1367
50.740111604726195,1445
50.76459690884756,1386
50.78275845257271,1319
50.803102738055685,1506
50.82558888214409,1419
50.84503412090043,1315
50.86584112426504,1373
50.886982147550974,1406
50.90472904142285,1502
50.92451306467951,1333
50.94391311705472,1458
50.96477847700719,1483
50.99267336687707,1362
51.009610417147236,1383
51.024764789212654,1337
51.045167901990894,1387
51.069122429987125,1397
51.089599107417754,1439
51.10994822545294,1465
51.1286864261545,1355
51.14929130918091,1281
51.17054385670855,1398
51.19040576363212,1417
51.20614125683335,1414
51.230466138277,1380
51.249568804628936,1407
51.271967920294585,1490
51.29793389542128,1422
51.31304422070633,1377
51.33202807796235,1369
51.35484462029795,1389
51.374312273027726,1498
51.394532966193516,1389
51.41525235835836,1398
51.4384976242609,1371
51.45246864021989,1465
51.476023561203476,1517
51.493569414749196,1427
51.516879082261156,1404
51.534276563904804,1402
51.555625083259876,1256
51.576215517017914,1444
51.59910321024439,1408
51.61933436565289,1425
51.635351901971426,1357
51.65829908490562,1376
51.67711593693343,1375
51.696363966780886,1461
51.7187928224607,1377
51.738955770943946,1524
51.76477204945285,1425
51.78113041609019,1323
51.79785514139727,1392
51.819826708349744,1360
51.84334490290826,1268
51.86582490182245,1495
51.87882192961154,1442
51.89857992742505,1431
51.926427586505376,1409
51.94381076446869,1317
51.9616408306095,1370
51.9847925542048,1450
51.99879768051383,1336
52.02442180696437,1248
52.045416578256166,1386
52.06695535614887,1391
52.08342490392451,1408
52.10596995011121,1443
52.12429360649559,1438
52.14700110321837,1415
52.165045523021604,1471
52.18636589394732,1308
52.20553634479536,1430
52.2291761280279,1437
52.24993663773687,1325
52.26809637432295,1309
52.2889879714121,1355
52.30636019255222,1360
52.32900390204479,1445
52.34984872606602,1363
52.375536601441475,1348
52.388416961167174,1363
52.413915129655535,1467
52.43332637268427,1400
52.45223980790563,1389
52.47554165602435,1393
52.49311450596048,1477
52.513494493365904,1355
52.532955813627844,1478
52.55585507265803,1412
52.57594675332012,1390
52.59284834023681,1550
52.611807080381915,1336
52.634385493455625,1378
52.653537257560934,1326
52.67535616549981,1457
52.69830397087771,1501
52.71526037125748,1500
52.73643520776434,1473
52.756982779955884,1388
52.77890947620999,1378
52.79306471573692,1299
52.81669097377467,1522
52.838672821708066,1428
52.860996292195665,1370
52.877958209347106,1479
52.89553478878935,1341
52.92087319705267,1424
52.93870892934239,1389
52.95794620076117,1438
52.97942272325923,1396
53.000648243282654,1312
53.0201536846282,1404
53.037297921802384,1462
53.06384906626967,1398
53.08495056391776,1446
53.10404973777719,1337
53.120817202412965,1398
53.14303547064523,1362
53.163771291041975,1444
53.18532780241086,1401
53.205812774568486,1441
53.223353625952804,1465
53.2453318446225,1441
53.26642829427821,1416
53.28877125807258,1340
53.307614506467246,1399
53.32812948672165,1368
53.34706490656207,1379
53.37006405155592,1377
53.38840853881675,1341
53.406212717363786,1282
53.43108751308369,1359
53.450022459647826,1411
53.4680864450198,1319
53.488359427086564,1400
53.51025744407095,1514
53.53093654253052,1461
53.55075063743055,1498
53.57132455020548,1423
53.59444772756706,1470
53.613536779081684,1356
53.632120843919054,1361
53.653968073857364,1235
53.670366284848086,1471
53.69357306671434,1492
53.71674170527323,1366
53.733032880742286,1384
53.75211958463514,1354
53.7728565546745,1422
53.79232734633631,1467
53.81328296855404,1295
53.834457356132425,1424
53.852733118250555,1383
53.875921368916124,1406
53.8980405665551,1427
53.914766379806544,1388
53.93996633997343,1393
53.95829523626251,1387
53.97968069321601,1458
53.996649742896366,1425
54.02002034241751,1413
54.0364733041219,1323
54.06078354688367,1377
54.07969261052089,1453
54.10080131424058,1402
54.11768950254867,1439
54.13859643203468,1505
54.16192690811505,1462
54.1791816356294,1405
54.202350624181356,1369
54.21903581594354,1246
54.24381231994111,1389
54.25999680484554,1380
54.28391233130975,1423
54.304404873260985,1390
54.322105947716146,1380
54.34500942444648,1293
54.364712135798285,1343
54.38345944751854,1428
54.40286590182208,1502
54.4213036397662,1394
54.446274071203455,1419
54.462791045525435,1457
54.48645721942635,1351
54.50608551455461,1422
54.52831657649696,1355
54.546700079906415,1451
54.56699115529201,1409
54.58945967223259,1417
54.60901192684149,1353
54.629320002656996,1442
54.64997210588155,1525
54.666308306414834,1339
54.69123890798053,1379
54.71129614816789,1413
54.72838372428202,1447
54.75027480955113,1366
54.77103023588253,1230
54.79118573684829,1481
54.812468330309535,1445
54.83500922389937,1295
54.85465590375036,1363
54.870213811867465,1494
54.89442827019425,1486
54.91618787681201,1456
54.934649507173624,1389
54.95640373094193,1404
54.978592190942265,1392
54.99696094910239,1467
55.015758027160764,1347
55.03769546687697,1351
55.0562409455543,1460
55.07634485593398,1397
55.095940101335295,1482
55.12011563648369,1359
55.135697832393454,1396
55.160745305134,1344
55.17902617789143,1400
55.19557371725366,1311
55.21945350814855,1370
55.23486403650657,1313
55.260660985514846,1441
55.28152631240647,1442
55.29891701748849,1296
55.32069470475102,1480
55.34470180418592,1549
55.360127875869196,1402
55.37936743406292,1361
55.40479445600126,1569
55.426102183536706,1320
55.44253028045865,1401
55.46489169514508,1410
55.48589760086464,1480
55.50207556052781,1421
55.522935797281455,1370
55.54671403793781,1342
55.56796819742823,1379
55.58606981055046,1339
55.60353030008242,1402
55.62960993097213,1366
55.644919746912414,1310
55.665657293105006,1475
55.687358124295635,1370
55.71012764942739,1323
55.72907316049837,1389
55.7485408195053,1404
55.76898354552412,1295
55.78848987776048,1419
55.80986500741154,1337
55.824035488186425,1502
55.84884727338298,1431
55.87026901213026,1376
55.8878302200525,1355
55.91125077481467,1393
55.93041506569638,1436
55.954680839494294,1398
55.9746618075074,1386
55.99093003687805,1403
56.01190585255246,1363
56.032405512803685,1379
56.05199596894189,1274
56.07363521782157,1458
56.09207448367505,1417
56.11167569710226,1353
56.13552823017924,1513
56.15588774685919,1405
56.173365936130736,1337
56.19711115847089,1451
56.21440317211034,1423
56.236518538004056,1423
56.25799877551251,1374
56.27663674231719,1427
56.29795932923018,1384
56.316362868077434,1433
56.33734867415766,1285
56.35767576842206,1373
56.37694021055005,1503
56.39842569887622,1353
56.41602789056403,1363
56.43848869962678,1373
56.45924713609363,1327
56.47965040753469,1267
56.50002565210725,1386
56.52073099855858,1408
56.54215928995377,1396
56.56329532102518,1391
56.58059263638252,1402
56.59983164508475,1461
56.620499837930346,1388
56.64195540087175,1365
56.66257184403782,1383
56.682081574500366,1434
56.70137521326357,1484
56.72340108489642,1362
56.74502205975091,1405
56.76619514540166,1420
56.78423612032308,1340
56.80487085074432,1401
56.82418932973022,1312
56.84632572796648,1293
56.86503762899815,1422
56.888226621852326,1376
56.90385451320129,1412
56.927052866799556,1398
56.94872022078215,1341
56.96883155509572,1397
56.99419583335035,1326
57.00985524603083,1483
57.02749341674732,1318
57.04965647740613,1388
57.06664079319268,1337
57.09037796632033,1434
57.10921893366423,1380
57.13306170628866,1368
57.15047772514766,1451
57.171689153824566,1401
57.19099744993265,1430
57.21609214827848,1341
57.23231784000184,1315
57.256971319580344,1406
57.27528038897693,1380
57.29496209886668,1437
57.315081311665956,1395
57.33547731992706,1412
57.351180260131244,1302
57.37482371846094,1513
57.39741768115092,1390
57.41597545080091,1441
57.43360874543356,1349
57.45666019618532,1418
57.4805190960783,1321
57.49995054843616,1427
57.51767863694567,1378
57.54005142347782,1401
57.55776139084228,1441
57.57543254166867,1326
57.59733723282537,1358
57.62265782229795,1427
57.639329938556585,1525
57.659737036720806,1391
57.679970008246315,1435
57.704723837777316,1393
57.7245133623882,1516
57.74604488498368,1295
57.7616351140553,1405
57.7828903334129,1302
57.79961167929587,1249
57.82594471320626,1417
57.8410011652108,1408
57.86411615540017,1382
57.88183387917668,1393
57.90319663053778,1585
57.92304571928847,1384
57.94385037358852,1430
57.96433375866288,1361
57.984661346438635,1417
58.00777043181136,1385
58.024239918360976,1375
58.047236606760436,1509
58.06957732217033,1470
58.086460891096,1408
58.10639732600284,1261
58.12771799449328,1378
58.15088437411967,1562
58.169259018924166,1386
58.18815425503235,1466
58.21053031688326,1486
58.22770385924051,1413
58.25161704252039,1349
58.27141741807421,1253
58.29033046647584,1441
58.309614791780525,1351
58.32986448149216,1410
58.353053357968726,1325
58.37478756426032,1384
58.3914008677206,1402
58.413938136581066,1416
58.42919318909606,1333
58.452543887631265,1471
58.473996885186146,1364
58.49258551617723,1299
58.51287775022092,1393
58.53376108381687,1402
58.55602690834577,1409
58.57541374481161,1481
58.591657820341084,1385
58.61223876246177,1392
58.63561231237063,1333
58.65808729585777,1449
58.672022792959524,1411
58.696864222251975,1374
58.717157066850554,1285
58.74133211807931,1486
58.75813127885878,1326
58.78001318041099,1364
58.79987559668099,1421
58.815677829400514,1328
58.841821256752695,1310
58.861061515289656,1272
58.8819931395174,1443
58.90917495761023,1367
58.91750013627767,1575
58.94546363541549,1340
58.96178522703648,1344
58.983280659843395,1366
59.0029608575033,1414
59.02254928928641,1371
59.042603976056036,1436
59.064748539342965,1341
59.081401054437784,1317
59.10628244012548,1292
59.12429477293998,1266
59.14321290303098,1368
59.164918895952376,1381
59.1886791000614,1362
59.20544001141295,1474
59.22757346878271,1473
59.245740528954165,1379
59.26906416516476,1292
59.289265216901796,1365
59.311937299050115,1364
59.32823483345183,1360
59.35026915091166,1358
59.36947385634053,1360
59.39221534478448,1376
59.408531816404846,1361
59.43180537176512,1412
59.450271846506446,1421
59.47087874470377,1345
59.49153650598619,1476
59.51220336176946,1341
59.531812302849666,1302
59.55282006726156,1422
59.57589275696966,1350
59.59505330018507,1419
59.61516658995814,1255
59.63286308168041,1483
59.65234155903531,1440
59.67637652176755,1309
59.69656389419544,1311
59.71810302192119,1500
59.73429559927706,1355
59.75539034317758,1349
59.772916352122564,1264
59.7957562581948,1378
59.81888022138739,1386
59.83629996956708,1442
59.85885979987525,1316
59.87754371403216,1308
59.898918714259906,1427
59.91632109738314,1460
59.93913277902134,1305
59.95332596813958,1464
59.97928032772437,1402
59.99673905351257,1465
